Timestamp,User Count,Type,Name,Requests/s,Failures/s,50%,66%,75%,80%,90%,95%,98%,99%,99.9%,99.99%,100%,Total Request Count,Total Failure Count,Total Median Response Time,Total Average Response Time,Total Min Response Time,Total Max Response Time,Total Average Content Size
1618755018,0,,Aggregated,0.000000,0.000000,N/A,N/A,N/A,N/A,N/A,N/A,N/A,N/A,N/A,N/A,N/A,0,0,0,0,0,0,0
1618755019,29,,Aggregated,0.000000,0.000000,130,140,210,210,230,230,230,230,230,230,230,7,0,130.0,149.94999299441199,84.452707960736,228.9198919897899,23.714285714285715
1618755020,29,,Aggregated,0.000000,0.000000,130,140,210,210,230,230,230,230,230,230,230,7,0,130.0,149.94999299441199,84.452707960736,228.9198919897899,23.714285714285715
1618755021,29,,Aggregated,0.000000,0.000000,130,140,210,210,230,230,230,230,230,230,230,7,0,130.0,149.94999299441199,84.452707960736,228.9198919897899,23.714285714285715
1618755022,177,,Aggregated,20.500000,0.000000,290,550,710,920,1300,1300,1600,1800,2100,2100,2100,223,0,290.0,470.0209958605657,49.28837198531255,2125.730575004127,24.044843049327355
1618755023,177,,Aggregated,20.500000,0.000000,290,550,710,920,1300,1300,1600,1800,2100,2100,2100,223,0,290.0,470.0209958605657,49.28837198531255,2125.730575004127,24.044843049327355
1618755024,177,,Aggregated,20.500000,0.000000,290,550,710,920,1300,1300,1600,1800,2100,2100,2100,223,0,290.0,470.0209958605657,49.28837198531255,2125.730575004127,24.044843049327355
1618755025,326,,Aggregated,68.600000,0.000000,310,540,610,700,1000,1300,1300,1300,2100,2100,2100,727,0,310.0,421.12438925591,42.50590701121837,2125.730575004127,24.068775790921595
1618755026,326,,Aggregated,68.600000,0.000000,310,540,610,700,1000,1300,1300,1300,2100,2100,2100,727,0,310.0,421.12438925591,42.50590701121837,2125.730575004127,24.068775790921595
1618755027,326,,Aggregated,68.600000,0.000000,310,540,610,700,1000,1300,1300,1300,2100,2100,2100,727,0,310.0,421.12438925591,42.50590701121837,2125.730575004127,24.068775790921595
1618755028,476,,Aggregated,117.375000,0.000000,320,530,560,670,970,1200,1300,1300,2000,2100,2100,1502,0,320.0,402.4467723911712,42.50590701121837,2125.730575004127,24.018641810918776
1618755029,476,,Aggregated,117.375000,0.000000,320,530,560,670,970,1200,1300,1300,2000,2100,2100,1502,0,320.0,402.4467723911712,42.50590701121837,2125.730575004127,24.018641810918776
1618755030,476,,Aggregated,117.375000,0.000000,320,530,560,670,970,1200,1300,1300,2000,2100,2100,1502,0,320.0,402.4467723911712,42.50590701121837,2125.730575004127,24.018641810918776
1618755031,622,,Aggregated,178.300000,0.000000,340,540,550,610,890,1100,1300,1300,1800,2100,2100,2546,0,330.0,391.447923088759,42.50590701121837,2125.730575004127,23.992144540455616
1618755032,622,,Aggregated,178.300000,0.000000,340,540,550,610,890,1100,1300,1300,1800,2100,2100,2546,0,330.0,391.447923088759,42.50590701121837,2125.730575004127,23.992144540455616
1618755033,622,,Aggregated,178.300000,0.000000,340,540,550,610,890,1100,1300,1300,1800,2100,2100,2546,0,330.0,391.447923088759,42.50590701121837,2125.730575004127,23.992144540455616
1618755034,771,,Aggregated,268.900000,0.000000,400,540,570,660,920,1100,1300,1300,1700,2100,2100,3724,0,400.0,419.71960255601743,42.50590701121837,2125.730575004127,23.962406015037594
1618755035,771,,Aggregated,268.900000,0.000000,400,540,570,660,920,1100,1300,1300,1700,2100,2100,3724,0,400.0,419.71960255601743,42.50590701121837,2125.730575004127,23.962406015037594
1618755036,771,,Aggregated,268.900000,0.000000,400,540,570,660,920,1100,1300,1300,1700,2100,2100,3724,0,400.0,419.71960255601743,42.50590701121837,2125.730575004127,23.962406015037594
1618755037,921,,Aggregated,341.200000,0.000000,430,550,670,790,1100,1200,1400,1500,1900,2100,2100,4996,0,430.0,474.9163915810995,42.50590701121837,2125.730575004127,23.915932746196958
1618755038,921,,Aggregated,341.200000,0.000000,430,550,670,790,1100,1200,1400,1500,1900,2100,2100,4996,0,430.0,474.9163915810995,42.50590701121837,2125.730575004127,23.915932746196958
1618755039,1000,,Aggregated,0.000000,0.000000,N/A,N/A,N/A,N/A,N/A,N/A,N/A,N/A,N/A,N/A,N/A,0,0,0,0,0,0,0
1618755040,1000,,Aggregated,207.500000,0.000000,580,1300,1400,1500,1800,1900,2100,2200,2600,2700,2700,1282,0,580.0,870.0876635878348,54.12181804422289,2717.0892400026787,23.775351014040563
1618755041,1000,,Aggregated,207.500000,0.000000,580,1300,1400,1500,1800,1900,2100,2200,2600,2700,2700,1282,0,580.0,870.0876635878348,54.12181804422289,2717.0892400026787,23.775351014040563
1618755042,1000,,Aggregated,207.500000,0.000000,580,1300,1400,1500,1800,1900,2100,2200,2600,2700,2700,1282,0,580.0,870.0876635878348,54.12181804422289,2717.0892400026787,23.775351014040563
1618755043,1000,,Aggregated,346.600000,0.000000,700,1200,1400,1600,1800,2000,2300,2400,5400,7000,7000,2866,0,700.0,895.5703035076087,54.12181804422289,6986.867102968972,24.02930914166085
1618755044,1000,,Aggregated,346.600000,0.000000,700,1200,1400,1600,1800,2000,2300,2400,5400,7000,7000,2866,0,700.0,895.5703035076087,54.12181804422289,6986.867102968972,24.02930914166085
1618755045,1000,,Aggregated,346.600000,0.000000,700,1200,1400,1600,1800,2000,2300,2400,5400,7000,7000,2866,0,700.0,895.5703035076087,54.12181804422289,6986.867102968972,24.02930914166085
1618755046,1000,,Aggregated,410.375000,0.000000,660,1100,1300,1400,1700,1900,2200,2300,5300,7000,7000,4416,0,660.0,830.5493160363745,54.12181804422289,6986.867102968972,24.03894927536232
1618755047,1000,,Aggregated,410.375000,0.000000,660,1100,1300,1400,1700,1900,2200,2300,5300,7000,7000,4416,0,660.0,830.5493160363745,54.12181804422289,6986.867102968972,24.03894927536232
1618755048,1000,,Aggregated,410.375000,0.000000,660,1100,1300,1400,1700,1900,2200,2300,5300,7000,7000,4416,0,660.0,830.5493160363745,54.12181804422289,6986.867102968972,24.03894927536232
1618755049,1000,,Aggregated,488.400000,0.000000,590,1000,1200,1300,1600,1800,2100,2300,5200,7000,7000,5986,0,590.0,772.1508948602457,54.12181804422289,6986.867102968972,24.00668225860341
1618755050,1000,,Aggregated,488.400000,0.000000,590,1000,1200,1300,1600,1800,2100,2300,5200,7000,7000,5986,0,590.0,772.1508948602457,54.12181804422289,6986.867102968972,24.00668225860341
1618755051,1000,,Aggregated,488.400000,0.000000,590,1000,1200,1300,1600,1800,2100,2300,5200,7000,7000,5986,0,590.0,772.1508948602457,54.12181804422289,6986.867102968972,24.00668225860341
1618755052,1000,,Aggregated,523.000000,0.000000,580,990,1200,1300,1500,1700,2000,2200,4700,7000,7000,7506,0,580.0,753.3817154307596,53.93431702395901,6986.867102968972,24.002664535038637
1618755053,1000,,Aggregated,523.000000,0.000000,580,990,1200,1300,1500,1700,2000,2200,4700,7000,7000,7506,0,580.0,753.3817154307596,53.93431702395901,6986.867102968972,24.002664535038637
1618755054,1000,,Aggregated,523.000000,0.000000,580,990,1200,1300,1500,1700,2000,2200,4700,7000,7000,7506,0,580.0,753.3817154307596,53.93431702395901,6986.867102968972,24.002664535038637
1618755055,1000,,Aggregated,518.800000,0.000000,580,960,1100,1200,1400,1700,2000,2200,2700,7000,7000,9116,0,580.0,735.0417909355505,53.441010997630656,6986.867102968972,23.99648968845985
1618755056,1000,,Aggregated,518.800000,0.000000,580,960,1100,1200,1400,1700,2000,2200,2700,7000,7000,9116,0,580.0,735.0417909355505,53.441010997630656,6986.867102968972,23.99648968845985
1618755057,1000,,Aggregated,518.800000,0.000000,580,960,1100,1200,1400,1700,2000,2200,2700,7000,7000,9116,0,580.0,735.0417909355505,53.441010997630656,6986.867102968972,23.99648968845985
1618755058,1000,,Aggregated,518.300000,0.100000,570,920,1100,1200,1400,1600,1900,2100,5300,9300,10000,10805,1,570.0,717.18719731954,53.441010997630656,10017.520828987472,24.02369273484498
1618755059,1000,,Aggregated,518.300000,0.100000,570,920,1100,1200,1400,1600,1900,2100,5300,9300,10000,10805,1,570.0,717.18719731954,53.441010997630656,10017.520828987472,24.02369273484498
1618755060,1000,,Aggregated,518.300000,0.100000,570,920,1100,1200,1400,1600,1900,2100,5300,9300,10000,10805,1,570.0,717.18719731954,53.441010997630656,10017.520828987472,24.02369273484498
1618755061,1000,,Aggregated,536.000000,0.100000,560,870,1000,1100,1400,1600,1900,2100,5200,9300,10000,12451,1,560.0,690.6828423349396,53.27981000300497,10017.520828987472,24.01863304152277
1618755062,1000,,Aggregated,536.000000,0.100000,560,870,1000,1100,1400,1600,1900,2100,5200,9300,10000,12451,1,560.0,690.6828423349396,53.27981000300497,10017.520828987472,24.01863304152277
1618755063,1000,,Aggregated,536.000000,0.100000,560,870,1000,1100,1400,1600,1900,2100,5200,9300,10000,12451,1,560.0,690.6828423349396,53.27981000300497,10017.520828987472,24.01863304152277
1618755064,1000,,Aggregated,545.900000,0.100000,550,830,1000,1100,1300,1500,1800,2100,5200,9300,10000,14178,1,550.0,673.470114225586,53.27981000300497,10017.520828987472,24.033714205106502
1618755065,1000,,Aggregated,545.900000,0.100000,550,830,1000,1100,1300,1500,1800,2100,5200,9300,10000,14178,1,550.0,673.470114225586,53.27981000300497,10017.520828987472,24.033714205106502
1618755066,1000,,Aggregated,545.900000,0.100000,550,830,1000,1100,1300,1500,1800,2100,5200,9300,10000,14178,1,550.0,673.470114225586,53.27981000300497,10017.520828987472,24.033714205106502
1618755067,1000,,Aggregated,565.900000,0.100000,550,760,950,1100,1300,1500,1800,2000,4700,9300,10000,16033,1,550.0,638.9144317840121,53.27981000300497,10017.520828987472,24.033431048462546
1618755068,1000,,Aggregated,565.900000,0.100000,550,760,950,1100,1300,1500,1800,2000,4700,9300,10000,16033,1,550.0,638.9144317840121,53.27981000300497,10017.520828987472,24.033431048462546
1618755069,1000,,Aggregated,565.900000,0.100000,550,760,950,1100,1300,1500,1800,2000,4700,9300,10000,16033,1,550.0,638.9144317840121,53.27981000300497,10017.520828987472,24.033431048462546
1618755070,1000,,Aggregated,584.900000,0.000000,540,700,890,1000,1300,1500,1800,2000,4300,9300,10000,17882,1,540.0,609.6496538106888,53.27981000300497,10017.520828987472,24.030757185997093
1618755071,1000,,Aggregated,584.900000,0.000000,540,700,890,1000,1300,1500,1800,2000,4300,9300,10000,17882,1,540.0,609.6496538106888,53.27981000300497,10017.520828987472,24.030757185997093
1618755072,1000,,Aggregated,584.900000,0.000000,540,700,890,1000,1300,1500,1800,2000,4300,9300,10000,17882,1,540.0,609.6496538106888,53.27981000300497,10017.520828987472,24.030757185997093
1618755073,1000,,Aggregated,608.500000,0.000000,540,640,820,950,1200,1400,1700,2000,2800,9300,10000,19817,1,540.0,582.8337707081292,53.27981000300497,10017.520828987472,24.025230862390877
1618755074,1000,,Aggregated,608.500000,0.000000,540,640,820,950,1200,1400,1700,2000,2800,9300,10000,19817,1,540.0,582.8337707081292,53.27981000300497,10017.520828987472,24.025230862390877
1618755075,1000,,Aggregated,608.500000,0.000000,540,640,820,950,1200,1400,1700,2000,2800,9300,10000,19817,1,540.0,582.8337707081292,53.27981000300497,10017.520828987472,24.025230862390877
1618755076,1000,,Aggregated,620.400000,0.000000,540,600,780,900,1200,1400,1700,1900,2700,8700,10000,21669,1,540.0,563.8685814001249,53.27981000300497,10017.520828987472,24.027689325764918
1618755077,1000,,Aggregated,620.400000,0.000000,540,600,780,900,1200,1400,1700,1900,2700,8700,10000,21669,1,540.0,563.8685814001249,53.27981000300497,10017.520828987472,24.027689325764918
1618755078,1000,,Aggregated,620.400000,0.000000,540,600,780,900,1200,1400,1700,1900,2700,8700,10000,21669,1,540.0,563.8685814001249,53.27981000300497,10017.520828987472,24.027689325764918
1618755079,1000,,Aggregated,626.400000,0.000000,510,580,730,860,1200,1400,1700,1900,2600,8700,10000,23575,1,510.0,544.3618198938125,53.27981000300497,10017.520828987472,24.0203605514316
1618755080,1000,,Aggregated,626.400000,0.000000,510,580,730,860,1200,1400,1700,1900,2600,8700,10000,23575,1,510.0,544.3618198938125,53.27981000300497,10017.520828987472,24.0203605514316
1618755081,1000,,Aggregated,626.400000,0.000000,510,580,730,860,1200,1400,1700,1900,2600,8700,10000,23575,1,510.0,544.3618198938125,53.27981000300497,10017.520828987472,24.0203605514316
1618755082,1000,,Aggregated,631.100000,0.000000,470,570,690,810,1100,1400,1600,1900,2600,8700,10000,25500,1,470.0,527.6363757423886,51.91819695755839,10017.520828987472,24.01607843137255
1618755083,1000,,Aggregated,631.100000,0.000000,470,570,690,810,1100,1400,1600,1900,2600,8700,10000,25500,1,470.0,527.6363757423886,51.91819695755839,10017.520828987472,24.01607843137255
1618755084,1000,,Aggregated,631.100000,0.000000,470,570,690,810,1100,1400,1600,1900,2600,8700,10000,25500,1,470.0,527.6363757423886,51.91819695755839,10017.520828987472,24.01607843137255
1618755085,1000,,Aggregated,628.700000,0.000000,460,560,670,770,1100,1300,1600,1900,2500,8700,10000,27360,1,460.0,515.1538226537167,45.58803699910641,10017.520828987472,24.018055555555556
1618755086,1000,,Aggregated,628.700000,0.000000,460,560,670,770,1100,1300,1600,1900,2500,8700,10000,27360,1,460.0,515.1538226537167,45.58803699910641,10017.520828987472,24.018055555555556
1618755087,1000,,Aggregated,628.700000,0.000000,460,560,670,770,1100,1300,1600,1900,2500,8700,10000,27360,1,460.0,515.1538226537167,45.58803699910641,10017.520828987472,24.018055555555556
1618755088,1000,,Aggregated,630.600000,0.000000,440,550,650,740,1100,1300,1600,1800,2500,8700,10000,29253,1,440.0,503.2342679425956,45.58803699910641,10017.520828987472,24.018186168939938
1618755089,1000,,Aggregated,630.600000,0.000000,440,550,650,740,1100,1300,1600,1800,2500,8700,10000,29253,1,440.0,503.2342679425956,45.58803699910641,10017.520828987472,24.018186168939938
1618755090,1000,,Aggregated,630.600000,0.000000,440,550,650,740,1100,1300,1600,1800,2500,8700,10000,29253,1,440.0,503.2342679425956,45.58803699910641,10017.520828987472,24.018186168939938
1618755091,1000,,Aggregated,629.800000,0.000000,430,550,630,710,1100,1300,1600,1800,2500,8600,10000,31129,1,430.0,493.3239657108222,45.58803699910641,10017.520828987472,24.019917119085097
1618755092,1000,,Aggregated,629.800000,0.000000,430,550,630,710,1100,1300,1600,1800,2500,8600,10000,31129,1,430.0,493.3239657108222,45.58803699910641,10017.520828987472,24.019917119085097
1618755093,1000,,Aggregated,629.800000,0.000000,430,550,630,710,1100,1300,1600,1800,2500,8600,10000,31129,1,430.0,493.3239657108222,45.58803699910641,10017.520828987472,24.019917119085097
1618755094,1000,,Aggregated,627.200000,0.000000,430,550,610,690,1000,1300,1500,1800,2500,8600,10000,33037,1,430.0,484.35984589468734,45.58803699910641,10017.520828987472,24.01913006628931
1618755095,1000,,Aggregated,627.200000,0.000000,430,550,610,690,1000,1300,1500,1800,2500,8600,10000,33037,1,430.0,484.35984589468734,45.58803699910641,10017.520828987472,24.01913006628931
1618755096,1000,,Aggregated,627.200000,0.000000,430,550,610,690,1000,1300,1500,1800,2500,8600,10000,33037,1,430.0,484.35984589468734,45.58803699910641,10017.520828987472,24.01913006628931
1618755097,1000,,Aggregated,629.100000,0.000000,420,550,600,680,1000,1300,1500,1800,2400,8600,10000,34922,1,420.0,476.22551021527244,45.58803699910641,10017.520828987472,24.01930015463032
1618755098,1000,,Aggregated,629.100000,0.000000,420,550,600,680,1000,1300,1500,1800,2400,8600,10000,34922,1,420.0,476.22551021527244,45.58803699910641,10017.520828987472,24.01930015463032
1618755099,1000,,Aggregated,629.100000,0.000000,420,550,600,680,1000,1300,1500,1800,2400,8600,10000,34922,1,420.0,476.22551021527244,45.58803699910641,10017.520828987472,24.01930015463032
1618755100,1000,,Aggregated,632.100000,0.000000,420,550,590,670,990,1300,1500,1800,2400,8600,10000,36801,1,420.0,468.7752813789306,45.58803699910641,10017.520828987472,24.01717344637374
1618755101,1000,,Aggregated,632.100000,0.000000,420,550,590,670,990,1300,1500,1800,2400,8600,10000,36801,1,420.0,468.7752813789306,45.58803699910641,10017.520828987472,24.01717344637374
1618755102,1000,,Aggregated,632.100000,0.000000,420,550,590,670,990,1300,1500,1800,2400,8600,10000,36801,1,420.0,468.7752813789306,45.58803699910641,10017.520828987472,24.01717344637374
1618755103,1000,,Aggregated,632.100000,0.000000,410,550,580,650,960,1200,1500,1700,2400,8600,10000,38738,1,410.0,461.4378763990813,45.58803699910641,10017.520828987472,24.012649078424285
1618755104,1000,,Aggregated,632.100000,0.000000,410,550,580,650,960,1200,1500,1700,2400,8600,10000,38738,1,410.0,461.4378763990813,45.58803699910641,10017.520828987472,24.012649078424285
1618755105,1000,,Aggregated,632.100000,0.000000,410,550,580,650,960,1200,1500,1700,2400,8600,10000,38738,1,410.0,461.4378763990813,45.58803699910641,10017.520828987472,24.012649078424285
1618755106,1000,,Aggregated,634.000000,0.000000,410,550,580,640,940,1200,1500,1700,2400,7600,10000,40653,1,410.0,455.3351107899897,45.58803699910641,10017.520828987472,24.012987971367426
1618755107,1000,,Aggregated,634.000000,0.000000,410,550,580,640,940,1200,1500,1700,2400,7600,10000,40653,1,410.0,455.3351107899897,45.58803699910641,10017.520828987472,24.012987971367426
1618755108,1000,,Aggregated,634.000000,0.000000,410,550,580,640,940,1200,1500,1700,2400,7600,10000,40653,1,410.0,455.3351107899897,45.58803699910641,10017.520828987472,24.012987971367426
1618755109,1000,,Aggregated,634.100000,0.000000,410,550,580,640,910,1200,1500,1700,2400,7600,10000,42533,1,410.0,449.6658983717151,45.58803699910641,10017.520828987472,24.01307220276021
1618755110,1000,,Aggregated,634.100000,0.000000,410,550,580,640,910,1200,1500,1700,2400,7600,10000,42533,1,410.0,449.6658983717151,45.58803699910641,10017.520828987472,24.01307220276021
1618755111,1000,,Aggregated,634.100000,0.000000,410,550,580,640,910,1200,1500,1700,2400,7600,10000,42533,1,410.0,449.6658983717151,45.58803699910641,10017.520828987472,24.01307220276021
1618755112,1000,,Aggregated,635.900000,0.000000,410,540,570,630,890,1200,1500,1700,2400,7600,10000,44430,1,410.0,444.5678359372657,45.58803699910641,10017.520828987472,24.01273914022057
1618755113,1000,,Aggregated,635.900000,0.000000,410,540,570,630,890,1200,1500,1700,2400,7600,10000,44430,1,410.0,444.5678359372657,45.58803699910641,10017.520828987472,24.01273914022057
1618755114,1000,,Aggregated,635.900000,0.000000,410,540,570,630,890,1200,1500,1700,2400,7600,10000,44430,1,410.0,444.5678359372657,45.58803699910641,10017.520828987472,24.01273914022057
1618755115,1000,,Aggregated,630.300000,0.000000,400,540,570,620,870,1200,1400,1700,2400,7600,10000,46309,1,400.0,440.21280276602454,45.58803699910641,10017.520828987472,24.01295644475156
1618755116,1000,,Aggregated,630.300000,0.000000,400,540,570,620,870,1200,1400,1700,2400,7600,10000,46309,1,400.0,440.21280276602454,45.58803699910641,10017.520828987472,24.01295644475156
1618755117,1000,,Aggregated,630.300000,0.000000,400,540,570,620,870,1200,1400,1700,2400,7600,10000,46309,1,400.0,440.21280276602454,45.58803699910641,10017.520828987472,24.01295644475156
1618755118,1000,,Aggregated,633.100000,0.000000,400,540,570,610,840,1200,1400,1700,2400,7600,10000,48213,1,400.0,435.52310298514175,45.58803699910641,10017.520828987472,24.011034368323894
1618755119,1000,,Aggregated,633.100000,0.000000,400,540,570,610,840,1200,1400,1700,2400,7600,10000,48213,1,400.0,435.52310298514175,45.58803699910641,10017.520828987472,24.011034368323894
1618755120,1000,,Aggregated,633.100000,0.000000,400,540,570,610,840,1200,1400,1700,2400,7600,10000,48213,1,400.0,435.52310298514175,45.58803699910641,10017.520828987472,24.011034368323894
1618755121,1000,,Aggregated,631.000000,0.000000,400,540,570,610,820,1100,1400,1600,2400,7100,10000,50120,1,400.0,431.1636204816639,45.58803699910641,10017.520828987472,24.009616919393455
1618755122,1000,,Aggregated,631.000000,0.000000,400,540,570,610,820,1100,1400,1600,2400,7100,10000,50120,1,400.0,431.1636204816639,45.58803699910641,10017.520828987472,24.009616919393455
1618755123,1000,,Aggregated,631.000000,0.000000,400,540,570,610,820,1100,1400,1600,2400,7100,10000,50120,1,400.0,431.1636204816639,45.58803699910641,10017.520828987472,24.009616919393455
1618755124,1000,,Aggregated,632.700000,0.000000,400,540,560,600,800,1100,1400,1600,2400,7100,10000,52036,1,400.0,427.6497583984079,45.58803699910641,10017.520828987472,24.008647859174417
1618755125,1000,,Aggregated,632.700000,0.000000,400,540,560,600,800,1100,1400,1600,2400,7100,10000,52036,1,400.0,427.6497583984079,45.58803699910641,10017.520828987472,24.008647859174417
1618755126,1000,,Aggregated,632.700000,0.000000,400,540,560,600,800,1100,1400,1600,2400,7100,10000,52036,1,400.0,427.6497583984079,45.58803699910641,10017.520828987472,24.008647859174417
1618755127,1000,,Aggregated,635.000000,0.000000,400,540,560,600,780,1100,1400,1600,2400,7100,10000,53932,1,400.0,423.9691530414193,45.58803699910641,10017.520828987472,24.007973003040867
1618755128,1000,,Aggregated,635.000000,0.000000,400,540,560,600,780,1100,1400,1600,2400,7100,10000,53932,1,400.0,423.9691530414193,45.58803699910641,10017.520828987472,24.007973003040867
1618755129,1000,,Aggregated,635.000000,0.000000,400,540,560,600,780,1100,1400,1600,2400,7100,10000,53932,1,400.0,423.9691530414193,45.58803699910641,10017.520828987472,24.007973003040867
1618755130,1000,,Aggregated,634.000000,0.000000,400,540,560,590,770,1100,1400,1600,2400,7100,10000,55812,1,400.0,420.69085682133135,45.58803699910641,10017.520828987472,24.00698774457106
1618755131,1000,,Aggregated,634.000000,0.000000,400,540,560,590,770,1100,1400,1600,2400,7100,10000,55812,1,400.0,420.69085682133135,45.58803699910641,10017.520828987472,24.00698774457106
1618755132,1000,,Aggregated,634.000000,0.000000,400,540,560,590,770,1100,1400,1600,2400,7100,10000,55812,1,400.0,420.69085682133135,45.58803699910641,10017.520828987472,24.00698774457106
1618755133,1000,,Aggregated,633.400000,0.000000,400,540,560,590,750,1100,1400,1600,2300,7100,10000,57738,1,400.0,417.24719054532545,45.58803699910641,10017.520828987472,24.004399182514117
1618755134,1000,,Aggregated,633.400000,0.000000,400,540,560,590,750,1100,1400,1600,2300,7100,10000,57738,1,400.0,417.24719054532545,45.58803699910641,10017.520828987472,24.004399182514117
1618755135,1000,,Aggregated,633.400000,0.000000,400,540,560,590,750,1100,1400,1600,2300,7100,10000,57738,1,400.0,417.24719054532545,45.58803699910641,10017.520828987472,24.004399182514117
1618755136,1000,,Aggregated,631.200000,0.000000,400,540,560,580,740,1100,1400,1600,2300,7100,10000,59626,1,400.0,414.4037640531295,45.58803699910641,10017.520828987472,24.002851105222554
1618755137,1000,,Aggregated,631.200000,0.000000,400,540,560,580,740,1100,1400,1600,2300,7100,10000,59626,1,400.0,414.4037640531295,45.58803699910641,10017.520828987472,24.002851105222554
1618755138,1000,,Aggregated,631.200000,0.000000,400,540,560,580,740,1100,1400,1600,2300,7100,10000,59626,1,400.0,414.4037640531295,45.58803699910641,10017.520828987472,24.002851105222554
1618755139,1000,,Aggregated,632.300000,0.000000,400,540,560,580,730,1100,1400,1600,2300,7000,10000,61524,1,400.0,411.844830476692,45.58803699910641,10017.520828987472,24.00354333268318
1618755140,1000,,Aggregated,632.300000,0.000000,400,540,560,580,730,1100,1400,1600,2300,7000,10000,61524,1,400.0,411.844830476692,45.58803699910641,10017.520828987472,24.00354333268318
1618755141,1000,,Aggregated,632.300000,0.000000,400,540,560,580,730,1100,1400,1600,2300,7000,10000,61524,1,400.0,411.844830476692,45.58803699910641,10017.520828987472,24.00354333268318
1618755142,1000,,Aggregated,634.800000,0.000000,400,540,550,580,720,1100,1400,1600,2300,7000,10000,63443,1,400.0,409.78069702465524,45.58803699910641,10017.520828987472,24.004224264300237
1618755143,1000,,Aggregated,634.800000,0.000000,400,540,550,580,720,1100,1400,1600,2300,7000,10000,63443,1,400.0,409.78069702465524,45.58803699910641,10017.520828987472,24.004224264300237
1618755144,1000,,Aggregated,634.800000,0.000000,400,540,550,580,720,1100,1400,1600,2300,7000,10000,63443,1,400.0,409.78069702465524,45.58803699910641,10017.520828987472,24.004224264300237
1618755145,1000,,Aggregated,631.500000,0.000000,400,540,550,580,720,1000,1400,1600,2300,7000,10000,65293,1,400.0,408.6469419452547,45.58803699910641,10017.520828987472,24.00624875560933
1618755146,1000,,Aggregated,631.500000,0.000000,400,540,550,580,720,1000,1400,1600,2300,7000,10000,65293,1,400.0,408.6469419452547,45.58803699910641,10017.520828987472,24.00624875560933
1618755147,1000,,Aggregated,631.500000,0.000000,400,540,550,580,720,1000,1400,1600,2300,7000,10000,65293,1,400.0,408.6469419452547,45.58803699910641,10017.520828987472,24.00624875560933
1618755148,1000,,Aggregated,630.500000,0.000000,400,540,550,580,710,1000,1300,1500,2300,7000,10000,67193,1,400.0,406.550849272964,45.58803699910641,10017.520828987472,24.004821930855893
1618755149,1000,,Aggregated,630.500000,0.000000,400,540,550,580,710,1000,1300,1500,2300,7000,10000,67193,1,400.0,406.550849272964,45.58803699910641,10017.520828987472,24.004821930855893
1618755150,1000,,Aggregated,630.500000,0.000000,400,540,550,580,710,1000,1300,1500,2300,7000,10000,67193,1,400.0,406.550849272964,45.58803699910641,10017.520828987472,24.004821930855893
1618755151,1000,,Aggregated,630.300000,0.000000,400,540,550,580,710,1000,1300,1500,2300,7000,10000,69076,1,400.0,404.64273576013125,45.58803699910641,10017.520828987472,24.005356419016735
1618755152,1000,,Aggregated,630.300000,0.000000,400,540,550,580,710,1000,1300,1500,2300,7000,10000,69076,1,400.0,404.64273576013125,45.58803699910641,10017.520828987472,24.005356419016735
1618755153,1000,,Aggregated,630.300000,0.000000,400,540,550,580,710,1000,1300,1500,2300,7000,10000,69076,1,400.0,404.64273576013125,45.58803699910641,10017.520828987472,24.005356419016735
1618755154,1000,,Aggregated,626.700000,0.000000,400,540,550,580,700,1000,1300,1500,2300,6800,10000,70981,1,400.0,402.8710420866746,45.58803699910641,10017.520828987472,24.004564601794847
1618755155,1000,,Aggregated,626.700000,0.000000,400,540,550,580,700,1000,1300,1500,2300,6800,10000,70981,1,400.0,402.8710420866746,45.58803699910641,10017.520828987472,24.004564601794847
1618755156,1000,,Aggregated,626.700000,0.000000,400,540,550,580,700,1000,1300,1500,2300,6800,10000,70981,1,400.0,402.8710420866746,45.58803699910641,10017.520828987472,24.004564601794847
1618755157,1000,,Aggregated,631.800000,0.000000,400,540,550,580,700,990,1300,1500,2300,6800,10000,72862,1,400.0,401.0972177415991,45.58803699910641,10017.520828987472,24.00551727924021
1618755158,1000,,Aggregated,631.800000,0.000000,400,540,550,580,700,990,1300,1500,2300,6800,10000,72862,1,400.0,401.0972177415991,45.58803699910641,10017.520828987472,24.00551727924021
1618755159,1000,,Aggregated,631.800000,0.000000,400,540,550,580,700,990,1300,1500,2300,6800,10000,72862,1,400.0,401.0972177415991,45.58803699910641,10017.520828987472,24.00551727924021
1618755160,1000,,Aggregated,630.200000,0.000000,400,540,550,580,690,980,1300,1500,2300,6800,10000,74740,1,400.0,399.5422346262894,45.58803699910641,10017.520828987472,24.004468825260904
1618755161,1000,,Aggregated,630.200000,0.000000,400,540,550,580,690,980,1300,1500,2300,6800,10000,74740,1,400.0,399.5422346262894,45.58803699910641,10017.520828987472,24.004468825260904
1618755162,1000,,Aggregated,630.200000,0.000000,400,540,550,580,690,980,1300,1500,2300,6800,10000,74740,1,400.0,399.5422346262894,45.58803699910641,10017.520828987472,24.004468825260904
1618755163,1000,,Aggregated,630.000000,0.000000,400,540,550,580,690,970,1300,1500,2300,6800,10000,76637,1,400.0,397.7578833382508,45.58803699910641,10017.520828987472,24.00563696386863
1618755164,1000,,Aggregated,630.000000,0.000000,400,540,550,580,690,970,1300,1500,2300,6800,10000,76637,1,400.0,397.7578833382508,45.58803699910641,10017.520828987472,24.00563696386863
1618755165,1000,,Aggregated,630.000000,0.000000,400,540,550,580,690,970,1300,1500,2300,6800,10000,76637,1,400.0,397.7578833382508,45.58803699910641,10017.520828987472,24.00563696386863
1618755166,1000,,Aggregated,627.500000,0.000000,400,540,550,570,690,960,1300,1500,2300,6800,10000,78534,1,400.0,396.2822371858896,45.58803699910641,10017.520828987472,24.00618840247536
1618755167,1000,,Aggregated,627.500000,0.000000,400,540,550,570,690,960,1300,1500,2300,6800,10000,78534,1,400.0,396.2822371858896,45.58803699910641,10017.520828987472,24.00618840247536
1618755168,1000,,Aggregated,627.500000,0.000000,400,540,550,570,690,960,1300,1500,2300,6800,10000,78534,1,400.0,396.2822371858896,45.58803699910641,10017.520828987472,24.00618840247536
1618755169,1000,,Aggregated,633.500000,0.000000,400,540,550,570,680,940,1300,1500,2300,5800,10000,80462,1,400.0,394.4384438855041,45.58803699910641,10017.520828987472,24.0051452859735
1618755170,1000,,Aggregated,633.500000,0.000000,400,540,550,570,680,940,1300,1500,2300,5800,10000,80462,1,400.0,394.4384438855041,45.58803699910641,10017.520828987472,24.0051452859735
1618755171,1000,,Aggregated,633.500000,0.000000,400,540,550,570,680,940,1300,1500,2300,5800,10000,80462,1,400.0,394.4384438855041,45.58803699910641,10017.520828987472,24.0051452859735
1618755172,1000,,Aggregated,634.500000,0.000000,400,540,550,570,680,930,1300,1500,2300,5800,10000,82350,1,400.0,393.00859138422055,45.58803699910641,10017.520828987472,24.005658773527625
1618755173,1000,,Aggregated,634.500000,0.000000,400,540,550,570,680,930,1300,1500,2300,5800,10000,82350,1,400.0,393.00859138422055,45.58803699910641,10017.520828987472,24.005658773527625
1618755174,1000,,Aggregated,634.500000,0.000000,400,540,550,570,680,930,1300,1500,2300,5800,10000,82350,1,400.0,393.00859138422055,45.58803699910641,10017.520828987472,24.005658773527625
1618755175,1000,,Aggregated,637.000000,0.000000,400,540,550,570,680,920,1300,1500,2300,5800,10000,84248,1,400.0,391.8279542595205,45.58803699910641,10017.520828987472,24.00567372519229
1618755176,1000,,Aggregated,637.000000,0.000000,400,540,550,570,680,920,1300,1500,2300,5800,10000,84248,1,400.0,391.8279542595205,45.58803699910641,10017.520828987472,24.00567372519229
1618755177,1000,,Aggregated,637.000000,0.000000,400,540,550,570,680,920,1300,1500,2300,5800,10000,84248,1,400.0,391.8279542595205,45.58803699910641,10017.520828987472,24.00567372519229
1618755178,1000,,Aggregated,632.900000,0.000000,400,540,550,570,680,910,1300,1500,2200,5800,10000,86121,1,400.0,390.42063208922826,45.58803699910641,10017.520828987472,24.004783966744466
1618755179,1000,,Aggregated,632.900000,0.000000,400,540,550,570,680,910,1300,1500,2200,5800,10000,86121,1,400.0,390.42063208922826,45.58803699910641,10017.520828987472,24.004783966744466
1618755180,1000,,Aggregated,632.900000,0.000000,400,540,550,570,680,910,1300,1500,2200,5800,10000,86121,1,400.0,390.42063208922826,45.58803699910641,10017.520828987472,24.004783966744466
1618755181,1000,,Aggregated,628.800000,0.000000,400,540,550,570,680,910,1300,1500,2200,5800,10000,87763,1,400.0,391.8800910342711,45.58803699910641,10017.520828987472,24.00168635985552
1618755182,1000,,Aggregated,628.800000,0.000000,400,540,550,570,680,910,1300,1500,2200,5800,10000,87763,1,400.0,391.8800910342711,45.58803699910641,10017.520828987472,24.00168635985552
1618755183,1000,,Aggregated,628.800000,0.000000,400,540,550,570,680,910,1300,1500,2200,5800,10000,87763,1,400.0,391.8800910342711,45.58803699910641,10017.520828987472,24.00168635985552
1618755184,1000,,Aggregated,612.400000,0.000000,400,540,550,570,680,920,1300,1500,2200,5800,10000,89701,1,400.0,392.4329699173433,43.34911605110392,10017.520828987472,24.00481599982163
1618755185,1000,,Aggregated,612.400000,0.000000,400,540,550,570,680,920,1300,1500,2200,5800,10000,89701,1,400.0,392.4329699173433,43.34911605110392,10017.520828987472,24.00481599982163
1618755186,1000,,Aggregated,612.400000,0.000000,400,540,550,570,680,920,1300,1500,2200,5800,10000,89701,1,400.0,392.4329699173433,43.34911605110392,10017.520828987472,24.00481599982163
1618755187,1000,,Aggregated,607.000000,0.000000,400,540,550,570,680,910,1300,1500,2200,5600,10000,91566,1,400.0,391.13143734624913,43.34911605110392,10017.520828987472,24.004608697551493
1618755188,1000,,Aggregated,607.000000,0.000000,400,540,550,570,680,910,1300,1500,2200,5600,10000,91566,1,400.0,391.13143734624913,43.34911605110392,10017.520828987472,24.004608697551493
1618755189,1000,,Aggregated,607.000000,0.000000,400,540,550,570,680,910,1300,1500,2200,5600,10000,91566,1,400.0,391.13143734624913,43.34911605110392,10017.520828987472,24.004608697551493
1618755190,1000,,Aggregated,607.700000,0.000000,400,540,550,570,680,900,1300,1500,2200,5600,10000,93500,1,400.0,389.9489158606358,43.34911605110392,10017.520828987472,24.003957219251337
1618755191,1000,,Aggregated,607.700000,0.000000,400,540,550,570,680,900,1300,1500,2200,5600,10000,93500,1,400.0,389.9489158606358,43.34911605110392,10017.520828987472,24.003957219251337
1618755192,1000,,Aggregated,607.700000,0.000000,400,540,550,570,680,900,1300,1500,2200,5600,10000,93500,1,400.0,389.9489158606358,43.34911605110392,10017.520828987472,24.003957219251337
1618755193,1000,,Aggregated,633.900000,0.000000,400,540,550,570,670,890,1300,1400,2200,5800,11000,95354,2,400.0,388.9017994280943,43.34911605110392,10950.061365001602,24.00423684376114
1618755194,1000,,Aggregated,633.900000,0.000000,400,540,550,570,670,890,1300,1400,2200,5800,11000,95354,2,400.0,388.9017994280943,43.34911605110392,10950.061365001602,24.00423684376114
1618755195,1000,,Aggregated,633.900000,0.000000,400,540,550,570,670,890,1300,1400,2200,5800,11000,95354,2,400.0,388.9017994280943,43.34911605110392,10950.061365001602,24.00423684376114
1618755196,1000,,Aggregated,632.200000,0.100000,390,540,550,570,670,890,1300,1400,2200,5800,11000,97297,2,390.0,387.5969310204903,43.34911605110392,10950.061365001602,24.005488350103292
1618755197,1000,,Aggregated,632.200000,0.100000,390,540,550,570,670,890,1300,1400,2200,5800,11000,97297,2,390.0,387.5969310204903,43.34911605110392,10950.061365001602,24.005488350103292
1618755198,1000,,Aggregated,632.200000,0.100000,390,540,550,570,670,890,1300,1400,2200,5800,11000,97297,2,390.0,387.5969310204903,43.34911605110392,10950.061365001602,24.005488350103292
1618755199,1000,,Aggregated,633.900000,0.100000,390,540,550,570,670,880,1200,1400,2200,5800,11000,99203,2,390.0,386.3568446409056,43.34911605110392,10950.061365001602,24.00461679586303
1618755200,1000,,Aggregated,633.900000,0.100000,390,540,550,570,670,880,1200,1400,2200,5800,11000,99203,2,390.0,386.3568446409056,43.34911605110392,10950.061365001602,24.00461679586303
1618755201,1000,,Aggregated,633.900000,0.100000,390,540,550,570,670,880,1200,1400,2200,5800,11000,99203,2,390.0,386.3568446409056,43.34911605110392,10950.061365001602,24.00461679586303
1618755202,1000,,Aggregated,635.100000,0.100000,390,540,550,570,670,870,1200,1400,2200,5600,11000,101123,2,390.0,385.18732975217813,43.34911605110392,10950.061365001602,24.003500687281825
1618755203,1000,,Aggregated,635.100000,0.100000,390,540,550,570,670,870,1200,1400,2200,5600,11000,101123,2,390.0,385.18732975217813,43.34911605110392,10950.061365001602,24.003500687281825
1618755204,1000,,Aggregated,635.100000,0.100000,390,540,550,570,670,870,1200,1400,2200,5600,11000,101123,2,390.0,385.18732975217813,43.34911605110392,10950.061365001602,24.003500687281825
1618755205,1000,,Aggregated,637.200000,0.000000,390,540,550,570,670,860,1200,1400,2200,5600,11000,103031,2,390.0,384.0305530696712,43.34911605110392,10950.061365001602,24.002504100707554
1618755206,1000,,Aggregated,637.200000,0.000000,390,540,550,570,670,860,1200,1400,2200,5600,11000,103031,2,390.0,384.0305530696712,43.34911605110392,10950.061365001602,24.002504100707554
1618755207,1000,,Aggregated,637.200000,0.000000,390,540,550,570,670,860,1200,1400,2200,5600,11000,103031,2,390.0,384.0305530696712,43.34911605110392,10950.061365001602,24.002504100707554
1618755208,1000,,Aggregated,635.200000,0.000000,390,530,550,570,670,850,1200,1400,2200,5600,11000,104937,2,390.0,383.1342548407133,43.34911605110392,10950.061365001602,24.003449688860936
1618755209,1000,,Aggregated,635.200000,0.000000,390,530,550,570,670,850,1200,1400,2200,5600,11000,104937,2,390.0,383.1342548407133,43.34911605110392,10950.061365001602,24.003449688860936
1618755210,1000,,Aggregated,635.200000,0.000000,390,530,550,570,670,850,1200,1400,2200,5600,11000,104937,2,390.0,383.1342548407133,43.34911605110392,10950.061365001602,24.003449688860936
1618755211,1000,,Aggregated,639.600000,0.000000,390,530,550,570,660,850,1200,1400,2200,5600,11000,106844,2,390.0,382.2172506676135,43.34911605110392,10950.061365001602,24.003481711654373
1618755212,1000,,Aggregated,639.600000,0.000000,390,530,550,570,660,850,1200,1400,2200,5600,11000,106844,2,390.0,382.2172506676135,43.34911605110392,10950.061365001602,24.003481711654373
1618755213,1000,,Aggregated,639.600000,0.000000,390,530,550,570,660,850,1200,1400,2200,5600,11000,106844,2,390.0,382.2172506676135,43.34911605110392,10950.061365001602,24.003481711654373
1618755214,1000,,Aggregated,632.300000,0.000000,390,530,550,570,660,840,1200,1400,2200,5600,11000,108755,2,390.0,381.32528090011897,43.34911605110392,10950.061365001602,24.003880281366374
1618755215,1000,,Aggregated,632.300000,0.000000,390,530,550,570,660,840,1200,1400,2200,5600,11000,108755,2,390.0,381.32528090011897,43.34911605110392,10950.061365001602,24.003880281366374
1618755216,1000,,Aggregated,632.300000,0.000000,390,530,550,570,660,840,1200,1400,2200,5600,11000,108755,2,390.0,381.32528090011897,43.34911605110392,10950.061365001602,24.003880281366374
1618755217,1000,,Aggregated,639.800000,0.000000,390,530,550,570,660,830,1200,1400,2200,5400,11000,110637,2,390.0,380.51143982913044,43.34911605110392,10950.061365001602,24.004031201135245
1618755218,1000,,Aggregated,639.800000,0.000000,390,530,550,570,660,830,1200,1400,2200,5400,11000,110637,2,390.0,380.51143982913044,43.34911605110392,10950.061365001602,24.004031201135245
1618755219,1000,,Aggregated,639.800000,0.000000,390,530,550,570,660,830,1200,1400,2200,5400,11000,110637,2,390.0,380.51143982913044,43.34911605110392,10950.061365001602,24.004031201135245
1618755220,1000,,Aggregated,633.400000,0.000000,390,530,550,570,660,830,1200,1400,2200,5400,11000,112512,2,390.0,379.7044462760053,43.34911605110392,10950.061365001602,24.003697383390215
1618755221,1000,,Aggregated,633.400000,0.000000,390,530,550,570,660,830,1200,1400,2200,5400,11000,112512,2,390.0,379.7044462760053,43.34911605110392,10950.061365001602,24.003697383390215
1618755222,1000,,Aggregated,633.400000,0.000000,390,530,550,570,660,830,1200,1400,2200,5400,11000,112512,2,390.0,379.7044462760053,43.34911605110392,10950.061365001602,24.003697383390215
1618755223,1000,,Aggregated,628.100000,0.000000,390,530,550,570,660,820,1200,1400,2100,5400,11000,114383,2,390.0,379.0649647064096,43.34911605110392,10950.061365001602,24.003724329664372
1618755224,1000,,Aggregated,628.100000,0.000000,390,530,550,570,660,820,1200,1400,2100,5400,11000,114383,2,390.0,379.0649647064096,43.34911605110392,10950.061365001602,24.003724329664372
1618755225,1000,,Aggregated,628.100000,0.000000,390,530,550,570,660,820,1200,1400,2100,5400,11000,114383,2,390.0,379.0649647064096,43.34911605110392,10950.061365001602,24.003724329664372
1618755226,1000,,Aggregated,626.700000,0.000000,390,530,550,570,660,820,1200,1400,2100,5400,11000,116294,2,390.0,378.1427272726054,43.34911605110392,10950.061365001602,24.003955492114812
1618755227,1000,,Aggregated,626.700000,0.000000,390,530,550,570,660,820,1200,1400,2100,5400,11000,116294,2,390.0,378.1427272726054,43.34911605110392,10950.061365001602,24.003955492114812
1618755228,1000,,Aggregated,626.700000,0.000000,390,530,550,570,660,820,1200,1400,2100,5400,11000,116294,2,390.0,378.1427272726054,43.34911605110392,10950.061365001602,24.003955492114812
1618755229,1000,,Aggregated,633.000000,0.000000,380,530,550,560,660,810,1200,1400,2100,5400,11000,118235,2,380.0,377.10720457848197,42.069975985214114,10950.061365001602,24.00387364147672
1618755230,1000,,Aggregated,633.000000,0.000000,380,530,550,560,660,810,1200,1400,2100,5400,11000,118235,2,380.0,377.10720457848197,42.069975985214114,10950.061365001602,24.00387364147672
1618755231,1000,,Aggregated,633.000000,0.000000,380,530,550,560,660,810,1200,1400,2100,5400,11000,118235,2,380.0,377.10720457848197,42.069975985214114,10950.061365001602,24.00387364147672
1618755232,1000,,Aggregated,636.500000,0.000000,380,530,550,560,660,810,1200,1400,2100,5300,11000,120136,2,380.0,376.2108634521298,42.069975985214114,10950.061365001602,24.004128654191916
1618755233,1000,,Aggregated,636.500000,0.000000,380,530,550,560,660,810,1200,1400,2100,5300,11000,120136,2,380.0,376.2108634521298,42.069975985214114,10950.061365001602,24.004128654191916
1618755234,1000,,Aggregated,636.500000,0.000000,380,530,550,560,660,810,1200,1400,2100,5300,11000,120136,2,380.0,376.2108634521298,42.069975985214114,10950.061365001602,24.004128654191916
1618755235,1000,,Aggregated,639.400000,0.000000,380,520,550,560,650,800,1200,1400,2100,5300,11000,122083,2,380.0,375.3010288915795,42.069975985214114,10950.061365001602,24.005258717429946
1618755236,1000,,Aggregated,639.400000,0.000000,380,520,550,560,650,800,1200,1400,2100,5300,11000,122083,2,380.0,375.3010288915795,42.069975985214114,10950.061365001602,24.005258717429946
1618755238,1000,,Aggregated,639.400000,0.000000,380,520,550,560,650,800,1200,1400,2100,5300,11000,122083,2,380.0,375.3010288915795,42.069975985214114,10950.061365001602,24.005258717429946
1618755239,0,,Aggregated,642.000000,0.000000,380,520,550,560,650,800,1200,1400,2100,5300,11000,124231,2,380.0,374.27875467566304,42.069975985214114,10950.061365001602,24.00468482101891
